id,batchID,batchIDLastChangedAt,timestamps,timestampsLastChangedAt,roundIndex,roundIndexLastChangedAt,treatment,treatmentLastChangedAt,start,startLastChangedAt,ended,endedLastChangedAt,stageID,stageIDLastChangedAt,lobbyTimerID,lobbyTimerIDLastChangedAt,status,statusLastChangedAt,groupID,groupIDLastChangedAt,roomCode,roomCodeLastChangedAt,endedReason,endedReasonLastChangedAt
01HN6C87KF59S14B1W3XFECQKP,01HN6C87K34PM146WKF9TH65EK,2024-01-27T21:12:17.775990883Z,"[""2024-01-27T21:38:05.686Z"",""2024-01-27T21:38:18.052Z"",""2024-01-27T21:38:25.526Z"",""2024-01-27T21:38:29.829Z"",""2024-01-27T21:38:34.416Z"",""2024-01-27T21:38:39.363Z"",""2024-01-27T21:38:44.022Z"",""2024-01-27T21:38:48.388Z"",""2024-01-27T21:38:51.448Z"",""2024-01-27T21:38:54.749Z"",""2024-01-27T21:38:58.188Z"",""2024-01-27T21:39:01.288Z"",""2024-01-27T21:39:04.668Z"",""2024-01-27T21:39:08.118Z"",""2024-01-27T21:39:11.253Z"",""2024-01-27T21:39:14.298Z"",""2024-01-27T21:39:17.442Z"",""2024-01-27T21:39:20.821Z"",""2024-01-27T21:39:25.159Z"",""2024-01-27T21:39:28.964Z"",""2024-01-27T21:39:32.646Z"",""2024-01-27T21:39:38.128Z"",""2024-01-27T21:39:42.608Z"",""2024-01-27T21:39:45.977Z"",""2024-01-27T21:39:50.417Z"",""2024-01-27T21:39:54.208Z"",""2024-01-27T21:40:02.608Z"",""2024-01-27T21:40:06.157Z"",""2024-01-27T21:40:12.015Z"",""2024-01-27T21:40:15.353Z"",""2024-01-27T21:40:18.827Z"",""2024-01-27T21:40:22.078Z"",""2024-01-27T21:40:25.140Z"",""2024-01-27T21:40:28.470Z"",""2024-01-27T21:40:32.110Z"",""2024-01-27T21:40:36.756Z"",""2024-01-27T21:40:39.445Z"",""2024-01-27T21:40:43.151Z"",""2024-01-27T21:40:46.518Z"",""2024-01-27T21:40:50.967Z"",""2024-01-27T21:40:54.228Z"",""2024-01-27T21:40:59.263Z"",""2024-01-27T21:41:04.097Z"",""2024-01-27T21:41:08.142Z"",""2024-01-27T21:41:16.238Z"",""2024-01-27T21:41:20.882Z"",""2024-01-27T21:41:28.416Z"",""2024-01-27T21:41:35.491Z"",""2024-01-27T21:41:38.919Z"",""2024-01-27T21:41:41.933Z"",""2024-01-27T21:41:46.556Z"",""2024-01-27T21:42:13.658Z"",""2024-01-27T21:42:34.103Z"",""2024-01-27T21:42:46.044Z"",""2024-01-27T21:43:01.670Z"",""2024-01-27T21:43:22.458Z"",""2024-01-27T21:43:38.487Z"",""2024-01-27T21:43:49.382Z"",""2024-01-27T21:43:57.542Z"",""2024-01-27T21:44:06.431Z"",""2024-01-27T21:44:17.025Z"",""2024-01-27T21:44:25.709Z"",""2024-01-27T21:44:33.966Z"",""2024-01-27T21:44:43.390Z"",""2024-01-27T21:44:51.112Z"",""2024-01-27T21:45:04.005Z"",""2024-01-27T21:45:19.658Z"",""2024-01-27T21:45:28.152Z"",""2024-01-27T21:45:36.338Z"",""2024-01-27T21:45:44.170Z"",""2024-01-27T21:45:50.577Z"",""2024-01-27T21:45:57.266Z"",""2024-01-27T21:46:03.451Z""]",2024-01-27T21:46:03.45447963Z,72,2024-01-27T21:38:02.061850848Z,"{""managementToken"":""eyJ0eXAiOiJKV1QiLCJhbGciOiJIUzI1NiJ9.eyJpYXQiOjE3MDYzMzE4NDgsImV4cCI6MTcwNjQxODI0OCwianRpIjoiand0X25vbmNlIiwidHlwZSI6Im1hbmFnZW1lbnQiLCJ2ZXJzaW9uIjoyLCJuYmYiOjE3MDYzMzE4NDgsImFjY2Vzc19rZXkiOiI2NGMxYWJhYTkxYzAyM2I0ZTJkNzZlODQifQ.Woks_IUkqw99cNzsmD0eZ6dHkZoNt0yytqJTWYqr_tE"",""playerCount"":2,""templateId"":""659dec5a25eb923ccf71537f""}",2024-01-27T21:12:17.775990883Z,true,2024-01-27T21:38:01.210651142Z,true,2024-01-27T21:46:09.883342821Z,,2024-01-27T21:46:09.883342821Z,01HN6DNJD8CSXV45D96SRNMH2H,2024-01-27T21:37:03.408694615Z,ended,2024-01-27T21:46:09.91011508Z,01HN6C87KQZKP60TNRW6F94HS7,2024-01-27T21:12:17.797013948Z,ufv-wxpn-fgs,2024-01-27T21:12:32.872072673Z,end of game,2024-01-27T21:46:09.91011508Z
01HN6C88Q370AA57RYFG23GYJZ,01HN6C88PRJWJW6RK92Z0Q73VT,2024-01-27T21:12:18.915057563Z,"[""2024-01-27T21:39:38.020Z"",""2024-01-27T21:39:51.118Z"",""2024-01-27T21:39:59.489Z"",""2024-01-27T21:40:10.527Z"",""2024-01-27T21:40:18.372Z"",""2024-01-27T21:40:29.470Z"",""2024-01-27T21:40:37.876Z"",""2024-01-27T21:40:43.527Z"",""2024-01-27T21:40:50.656Z"",""2024-01-27T21:40:59.454Z"",""2024-01-27T21:41:06.129Z"",""2024-01-27T21:41:12.228Z"",""2024-01-27T21:41:24.594Z"",""2024-01-27T21:41:28.035Z"",""2024-01-27T21:41:34.015Z"",""2024-01-27T21:41:44.857Z"",""2024-01-27T21:41:48.928Z"",""2024-01-27T21:41:52.883Z"",""2024-01-27T21:41:56.767Z"",""2024-01-27T21:42:01.139Z"",""2024-01-27T21:42:08.502Z"",""2024-01-27T21:42:17.036Z"",""2024-01-27T21:42:21.418Z"",""2024-01-27T21:42:25.747Z"",""2024-01-27T21:42:30.579Z"",""2024-01-27T21:42:42.809Z"",""2024-01-27T21:42:56.101Z"",""2024-01-27T21:43:04.675Z"",""2024-01-27T21:43:08.651Z"",""2024-01-27T21:43:14.921Z"",""2024-01-27T21:43:20.102Z"",""2024-01-27T21:43:29.329Z"",""2024-01-27T21:43:38.921Z"",""2024-01-27T21:43:48.376Z"",""2024-01-27T21:43:53.817Z"",""2024-01-27T21:43:58.973Z"",""2024-01-27T21:44:02.661Z"",""2024-01-27T21:44:15.297Z"",""2024-01-27T21:44:27.297Z"",""2024-01-27T21:44:30.324Z"",""2024-01-27T21:44:35.238Z"",""2024-01-27T21:44:45.598Z"",""2024-01-27T21:44:52.697Z"",""2024-01-27T21:44:58.335Z"",""2024-01-27T21:45:01.829Z"",""2024-01-27T21:45:05.933Z"",""2024-01-27T21:45:14.702Z"",""2024-01-27T21:45:22.267Z"",""2024-01-27T21:45:33.323Z"",""2024-01-27T21:45:40.425Z"",""2024-01-27T21:45:46.661Z"",""2024-01-27T21:46:32.403Z"",""2024-01-27T21:46:45.719Z"",""2024-01-27T21:46:58.649Z"",""2024-01-27T21:47:33.705Z"",""2024-01-27T21:47:51.625Z"",""2024-01-27T21:48:12.120Z"",""2024-01-27T21:48:25.394Z"",""2024-01-27T21:48:36.485Z"",""2024-01-27T21:48:47.347Z"",""2024-01-27T21:49:00.718Z"",""2024-01-27T21:49:09.494Z"",""2024-01-27T21:49:16.442Z"",""2024-01-27T21:49:24.989Z"",""2024-01-27T21:49:31.624Z"",""2024-01-27T21:49:45.693Z"",""2024-01-27T21:49:56.989Z"",""2024-01-27T21:50:07.346Z"",""2024-01-27T21:50:18.045Z"",""2024-01-27T21:50:27.207Z"",""2024-01-27T21:50:35.727Z"",""2024-01-27T21:50:43.150Z"",""2024-01-27T21:50:58.059Z""]",2024-01-27T21:50:58.073285335Z,72,2024-01-27T21:39:34.016898333Z,"{""managementToken"":""eyJ0eXAiOiJKV1QiLCJhbGciOiJIUzI1NiJ9.eyJpYXQiOjE3MDYzMzE4NDgsImV4cCI6MTcwNjQxODI0OCwianRpIjoiand0X25vbmNlIiwidHlwZSI6Im1hbmFnZW1lbnQiLCJ2ZXJzaW9uIjoyLCJuYmYiOjE3MDYzMzE4NDgsImFjY2Vzc19rZXkiOiI2NGMxYWJhYTkxYzAyM2I0ZTJkNzZlODQifQ.Woks_IUkqw99cNzsmD0eZ6dHkZoNt0yytqJTWYqr_tE"",""playerCount"":2,""templateId"":""659dec5a25eb923ccf71537f""}",2024-01-27T21:12:18.915057563Z,true,2024-01-27T21:39:33.232014526Z,true,2024-01-27T21:51:21.090785833Z,,2024-01-27T21:51:21.090785833Z,01HN6DS73WJVYP8E6QBTDNTYAZ,2024-01-27T21:39:02.913195775Z,ended,2024-01-27T21:51:21.132822623Z,01HN6C88QAB0ENBV9ZFVW4V8Y8,2024-01-27T21:12:18.932189176Z,dip-hjcd-zwj,2024-01-27T21:12:34.838986828Z,end of game,2024-01-27T21:51:21.132822623Z
01HN6C89DV0FFCX3B5R95CKZ1N,01HN6C89DP08KGF2FDNMTNGC08,2024-01-27T21:12:19.644039984Z,"[""2024-01-27T21:58:47.375Z"",""2024-01-27T22:17:26.252Z"",""2024-01-27T22:17:32.866Z"",""2024-01-27T22:17:40.564Z"",""2024-01-27T22:17:45.912Z"",""2024-01-27T22:17:50.735Z"",""2024-01-27T22:17:54.890Z"",""2024-01-27T22:18:00.896Z"",""2024-01-27T22:18:05.445Z"",""2024-01-27T22:18:10.101Z"",""2024-01-27T22:18:14.716Z"",""2024-01-27T22:18:19.242Z"",""2024-01-27T22:18:25.708Z"",""2024-01-27T22:18:28.803Z"",""2024-01-27T22:18:32.801Z"",""2024-01-27T22:18:36.453Z"",""2024-01-27T22:18:39.450Z"",""2024-01-27T22:18:43.720Z"",""2024-01-27T22:18:47.880Z"",""2024-01-27T22:18:51.327Z"",""2024-01-27T22:18:55.576Z"",""2024-01-27T22:18:58.846Z"",""2024-01-27T22:19:02.857Z"",""2024-01-27T22:19:07.635Z"",""2024-01-27T22:19:11.090Z"",""2024-01-27T22:19:14.967Z"",""2024-01-27T22:19:24.874Z"",""2024-01-27T22:19:30.079Z"",""2024-01-27T22:20:21.408Z"",""2024-01-27T22:20:33.530Z"",""2024-01-27T22:20:39.788Z"",""2024-01-27T22:20:46.043Z"",""2024-01-27T22:20:53.997Z"",""2024-01-27T22:20:58.018Z"",""2024-01-27T22:21:02.830Z"",""2024-01-27T22:21:09.020Z"",""2024-01-27T22:21:14.121Z"",""2024-01-27T22:21:20.346Z"",""2024-01-27T22:21:28.790Z"",""2024-01-27T22:21:46.347Z"",""2024-01-27T22:21:52.390Z"",""2024-01-27T22:21:57.789Z"",""2024-01-27T22:22:01.787Z"",""2024-01-27T22:22:17.868Z"",""2024-01-27T22:22:22.475Z"",""2024-01-27T22:22:27.547Z"",""2024-01-27T22:22:32.048Z"",""2024-01-27T22:22:38.458Z"",""2024-01-27T22:22:43.997Z"",""2024-01-27T22:22:49.567Z"",""2024-01-27T22:22:53.261Z"",""2024-01-27T22:23:56.176Z""]",2024-01-27T22:23:56.233418978Z,72,2024-01-27T21:58:37.613206264Z,"{""managementToken"":""eyJ0eXAiOiJKV1QiLCJhbGciOiJIUzI1NiJ9.eyJpYXQiOjE3MDYzMzE4NDgsImV4cCI6MTcwNjQxODI0OCwianRpIjoiand0X25vbmNlIiwidHlwZSI6Im1hbmFnZW1lbnQiLCJ2ZXJzaW9uIjoyLCJuYmYiOjE3MDYzMzE4NDgsImFjY2Vzc19rZXkiOiI2NGMxYWJhYTkxYzAyM2I0ZTJkNzZlODQifQ.Woks_IUkqw99cNzsmD0eZ6dHkZoNt0yytqJTWYqr_tE"",""playerCount"":2,""templateId"":""659dec5a25eb923ccf71537f""}",2024-01-27T21:12:19.644039984Z,true,2024-01-27T21:58:36.475518291Z,false,2024-01-27T21:12:19.644039984Z,01HN6EX8E472K2A77XWWMGY80Z,2024-01-27T22:23:55.563380879Z,01HN6EP51G9F1HS2F6WWY9PPXH,2024-01-27T21:54:51.086337543Z,running,2024-01-27T21:58:41.604840699Z,01HN6C89E0EXAFWWTP0GNVKTRP,2024-01-27T21:12:19.662255452Z,npi-gtmd-gvr,2024-01-27T21:51:43.280800811Z,,
01HN6C89MN0NVFRDJW6GH3Q5NF,01HN6C89MENFY3GZADGM5QDKB7,2024-01-27T21:12:19.86158532Z,[],2024-01-27T21:40:59.689517864Z,72,2024-01-27T21:40:59.950171126Z,"{""managementToken"":""eyJ0eXAiOiJKV1QiLCJhbGciOiJIUzI1NiJ9.eyJpYXQiOjE3MDYzMzE4NDgsImV4cCI6MTcwNjQxODI0OCwianRpIjoiand0X25vbmNlIiwidHlwZSI6Im1hbmFnZW1lbnQiLCJ2ZXJzaW9uIjoyLCJuYmYiOjE3MDYzMzE4NDgsImFjY2Vzc19rZXkiOiI2NGMxYWJhYTkxYzAyM2I0ZTJkNzZlODQifQ.Woks_IUkqw99cNzsmD0eZ6dHkZoNt0yytqJTWYqr_tE"",""playerCount"":2,""templateId"":""659dec5a25eb923ccf71537f""}",2024-01-27T21:12:19.86158532Z,true,2024-01-27T21:40:59.648493386Z,false,2024-01-27T21:12:19.86158532Z,01HN6DWSSCWCQ8R2SEQ0VS3Y32,2024-01-27T21:41:01.059835856Z,01HN6DTEHCY20KCBMYHVPT3N8K,2024-01-27T21:39:43.282381887Z,running,2024-01-27T21:41:01.031612165Z,01HN6C89MVPJTXKKJ0VE334BM6,2024-01-27T21:12:19.876161526Z,oxs-crnr-wae,2024-01-27T21:35:18.132582732Z,,
01HN6C89VCDS9DKQVZMBS35R77,01HN6C89V79EHHG9WSTS2DQXYV,2024-01-27T21:12:20.076852381Z,"[""2024-01-27T21:44:41.700Z"",""2024-01-27T21:44:58.081Z"",""2024-01-27T21:45:03.781Z"",""2024-01-27T21:45:09.208Z"",""2024-01-27T21:45:14.508Z"",""2024-01-27T21:45:17.954Z"",""2024-01-27T21:45:21.398Z"",""2024-01-27T21:45:25.032Z"",""2024-01-27T21:45:27.915Z"",""2024-01-27T21:45:30.735Z"",""2024-01-27T21:45:33.012Z"",""2024-01-27T21:45:35.995Z"",""2024-01-27T21:45:38.671Z"",""2024-01-27T21:45:41.127Z"",""2024-01-27T21:45:43.546Z"",""2024-01-27T21:45:46.106Z"",""2024-01-27T21:45:47.938Z"",""2024-01-27T21:45:49.839Z"",""2024-01-27T21:45:51.948Z"",""2024-01-27T21:45:54.198Z"",""2024-01-27T21:45:56.869Z"",""2024-01-27T21:45:58.926Z"",""2024-01-27T21:46:01.004Z"",""2024-01-27T21:46:03.721Z"",""2024-01-27T21:46:07.493Z"",""2024-01-27T21:46:10.088Z"",""2024-01-27T21:46:20.931Z"",""2024-01-27T21:46:25.643Z"",""2024-01-27T21:46:30.063Z"",""2024-01-27T21:46:37.581Z"",""2024-01-27T21:46:41.480Z"",""2024-01-27T21:46:45.108Z"",""2024-01-27T21:46:49.739Z"",""2024-01-27T21:46:54.277Z"",""2024-01-27T21:46:57.533Z"",""2024-01-27T21:47:01.920Z"",""2024-01-27T21:47:05.602Z"",""2024-01-27T21:47:11.679Z"",""2024-01-27T21:47:15.255Z"",""2024-01-27T21:47:19.398Z"",""2024-01-27T21:47:22.961Z"",""2024-01-27T21:47:27.026Z"",""2024-01-27T21:47:30.799Z"",""2024-01-27T21:47:34.460Z"",""2024-01-27T21:47:41.480Z"",""2024-01-27T21:47:45.984Z"",""2024-01-27T21:47:50.509Z"",""2024-01-27T21:47:54.949Z"",""2024-01-27T21:47:59.255Z"",""2024-01-27T21:48:07.964Z"",""2024-01-27T21:48:12.611Z"",""2024-01-27T21:48:35.081Z"",""2024-01-27T21:48:50.095Z"",""2024-01-27T21:49:04.683Z"",""2024-01-27T21:49:19.487Z"",""2024-01-27T21:49:27.067Z"",""2024-01-27T21:49:45.134Z"",""2024-01-27T21:49:56.858Z"",""2024-01-27T21:50:07.434Z"",""2024-01-27T21:50:15.163Z"",""2024-01-27T21:50:27.087Z"",""2024-01-27T21:50:34.608Z"",""2024-01-27T21:50:42.337Z"",""2024-01-27T21:50:49.897Z"",""2024-01-27T21:50:58.194Z"",""2024-01-27T21:51:06.658Z"",""2024-01-27T21:51:16.223Z"",""2024-01-27T21:51:24.488Z"",""2024-01-27T21:51:39.744Z"",""2024-01-27T21:51:49.784Z"",""2024-01-27T21:52:01.237Z"",""2024-01-27T21:52:12.078Z"",""2024-01-27T21:52:23.150Z""]",2024-01-27T21:52:23.153176596Z,72,2024-01-27T21:44:36.056296222Z,"{""managementToken"":""eyJ0eXAiOiJKV1QiLCJhbGciOiJIUzI1NiJ9.eyJpYXQiOjE3MDYzMzE4NDgsImV4cCI6MTcwNjQxODI0OCwianRpIjoiand0X25vbmNlIiwidHlwZSI6Im1hbmFnZW1lbnQiLCJ2ZXJzaW9uIjoyLCJuYmYiOjE3MDYzMzE4NDgsImFjY2Vzc19rZXkiOiI2NGMxYWJhYTkxYzAyM2I0ZTJkNzZlODQifQ.Woks_IUkqw99cNzsmD0eZ6dHkZoNt0yytqJTWYqr_tE"",""playerCount"":2,""templateId"":""659dec5a25eb923ccf71537f""}",2024-01-27T21:12:20.076852381Z,true,2024-01-27T21:44:35.399925686Z,true,2024-01-27T21:52:37.123195582Z,,2024-01-27T21:52:37.123195582Z,01HN6DXT7Q0GS9HCA195SWTTG9,2024-01-27T21:41:33.56490282Z,ended,2024-01-27T21:52:37.1568624Z,01HN6C89VH1DE2J7NQNX86NCJ1,2024-01-27T21:12:20.09303657Z,rhi-ckpv-rqg,2024-01-27T21:35:18.132582732Z,end of game,2024-01-27T21:52:37.1568624Z
01HN6C8A9KRAEBTQP8P9G9JWXP,01HN6C8A9817X0FDS4F0J0BM99,2024-01-27T21:12:20.531847722Z,"[""2024-01-27T21:48:07.812Z"",""2024-01-27T21:48:44.341Z"",""2024-01-27T21:48:59.688Z"",""2024-01-27T21:49:13.704Z"",""2024-01-27T21:49:31.240Z"",""2024-01-27T21:50:05.657Z"",""2024-01-27T21:50:31.130Z"",""2024-01-27T21:50:48.444Z"",""2024-01-27T21:51:03.956Z"",""2024-01-27T21:51:13.787Z"",""2024-01-27T21:51:24.157Z"",""2024-01-27T21:51:33.890Z"",""2024-01-27T21:51:43.466Z"",""2024-01-27T21:51:50.692Z"",""2024-01-27T21:52:06.950Z"",""2024-01-27T21:52:13.415Z"",""2024-01-27T21:52:18.973Z"",""2024-01-27T21:52:26.360Z"",""2024-01-27T21:52:35.725Z"",""2024-01-27T21:52:42.698Z"",""2024-01-27T21:52:47.310Z"",""2024-01-27T21:52:52.132Z"",""2024-01-27T21:53:00.637Z"",""2024-01-27T21:53:11.001Z"",""2024-01-27T21:53:17.190Z"",""2024-01-27T21:53:25.878Z"",""2024-01-27T21:53:39.368Z"",""2024-01-27T21:54:03.594Z"",""2024-01-27T21:54:20.037Z"",""2024-01-27T21:54:50.924Z"",""2024-01-27T21:55:03.667Z"",""2024-01-27T21:55:19.941Z"",""2024-01-27T21:55:35.092Z"",""2024-01-27T21:55:44.634Z"",""2024-01-27T21:56:05.579Z"",""2024-01-27T21:56:29.976Z"",""2024-01-27T21:56:48.786Z"",""2024-01-27T21:57:16.976Z"",""2024-01-27T21:57:33.484Z"",""2024-01-27T21:57:45.791Z"",""2024-01-27T21:58:11.719Z"",""2024-01-27T21:58:35.733Z"",""2024-01-27T21:58:59.499Z"",""2024-01-27T21:59:17.491Z"",""2024-01-27T21:59:27.512Z"",""2024-01-27T21:59:42.667Z"",""2024-01-27T21:59:56.266Z"",""2024-01-27T22:00:21.439Z"",""2024-01-27T22:00:55.789Z"",""2024-01-27T22:01:25.372Z"",""2024-01-27T22:01:53.138Z"",""2024-01-27T22:02:47.790Z"",""2024-01-27T22:04:17.804Z"",""2024-01-27T22:04:47.313Z"",""2024-01-27T22:05:15.879Z"",""2024-01-27T22:05:35.706Z"",""2024-01-27T22:06:47.414Z"",""2024-01-27T22:07:12.241Z"",""2024-01-27T22:07:29.098Z"",""2024-01-27T22:07:59.201Z"",""2024-01-27T22:08:34.095Z"",""2024-01-27T22:09:01.228Z"",""2024-01-27T22:09:20.323Z"",""2024-01-27T22:10:01.616Z"",""2024-01-27T22:10:44.549Z"",""2024-01-27T22:11:09.230Z"",""2024-01-27T22:11:23.457Z"",""2024-01-27T22:11:41.470Z"",""2024-01-27T22:11:57.737Z"",""2024-01-27T22:12:33.187Z"",""2024-01-27T22:13:33.728Z"",""2024-01-27T22:13:58.312Z"",""2024-01-27T22:14:21.613Z""]",2024-01-27T22:14:21.618899211Z,72,2024-01-27T21:48:00.995909401Z,"{""managementToken"":""eyJ0eXAiOiJKV1QiLCJhbGciOiJIUzI1NiJ9.eyJpYXQiOjE3MDYzMzE4NDgsImV4cCI6MTcwNjQxODI0OCwianRpIjoiand0X25vbmNlIiwidHlwZSI6Im1hbmFnZW1lbnQiLCJ2ZXJzaW9uIjoyLCJuYmYiOjE3MDYzMzE4NDgsImFjY2Vzc19rZXkiOiI2NGMxYWJhYTkxYzAyM2I0ZTJkNzZlODQifQ.Woks_IUkqw99cNzsmD0eZ6dHkZoNt0yytqJTWYqr_tE"",""playerCount"":2,""templateId"":""659dec5a25eb923ccf71537f""}",2024-01-27T21:12:20.531847722Z,true,2024-01-27T21:47:59.901479143Z,true,2024-01-27T22:15:29.487658546Z,,2024-01-27T22:15:29.487658546Z,01HN6E664G6DDPSF4FN9ZGD0TM,2024-01-27T21:46:07.894145838Z,ended,2024-01-27T22:15:29.589321479Z,01HN6C8A9TX4MDWQXS285AS3EQ,2024-01-27T21:12:20.547118697Z,nio-tues-ept,2024-01-27T21:12:36.373597724Z,end of game,2024-01-27T22:15:29.589321479Z
01HN6C8APJN0MXE37DM1MEW6JY,01HN6C8APBQB1ENWYKBH2CDQ2T,2024-01-27T21:12:20.946969855Z,"[""2024-01-27T21:49:41.266Z""]",2024-01-27T21:49:41.304090043Z,72,2024-01-27T21:49:33.388004215Z,"{""managementToken"":""eyJ0eXAiOiJKV1QiLCJhbGciOiJIUzI1NiJ9.eyJpYXQiOjE3MDYzMzE4NDgsImV4cCI6MTcwNjQxODI0OCwianRpIjoiand0X25vbmNlIiwidHlwZSI6Im1hbmFnZW1lbnQiLCJ2ZXJzaW9uIjoyLCJuYmYiOjE3MDYzMzE4NDgsImFjY2Vzc19rZXkiOiI2NGMxYWJhYTkxYzAyM2I0ZTJkNzZlODQifQ.Woks_IUkqw99cNzsmD0eZ6dHkZoNt0yytqJTWYqr_tE"",""playerCount"":2,""templateId"":""659dec5a25eb923ccf71537f""}",2024-01-27T21:12:20.946969855Z,true,2024-01-27T21:49:32.230728212Z,false,2024-01-27T21:12:20.946969855Z,01HN6ECGGJKS12GTMVKKTNY9HD,2024-01-27T21:49:36.725074636Z,01HN6EBADERZPKQCM8R7Y4N13A,2024-01-27T21:48:56.130639517Z,running,2024-01-27T21:49:36.679171977Z,01HN6C8APRW2FEW401X1GA09Y1,2024-01-27T21:12:20.966058445Z,wbb-xicv-vzo,2024-01-27T21:35:18.132582732Z,,
01HN6C8B3G2DM06JVA3B4NE9T9,01HN6C8B3B80VZB8A0YCEH0ETH,2024-01-27T21:12:21.360163051Z,"[""2024-01-27T22:05:15.476Z"",""2024-01-27T22:16:23.898Z"",""2024-01-27T22:16:33.866Z"",""2024-01-27T22:16:38.096Z"",""2024-01-27T22:16:42.331Z"",""2024-01-27T22:16:45.236Z"",""2024-01-27T22:16:48.533Z"",""2024-01-27T22:17:15.540Z"",""2024-01-27T22:17:23.451Z"",""2024-01-27T22:17:26.839Z"",""2024-01-27T22:17:29.768Z"",""2024-01-27T22:17:41.414Z"",""2024-01-27T22:17:50.702Z"",""2024-01-27T22:17:56.148Z"",""2024-01-27T22:18:05.831Z"",""2024-01-27T22:18:10.552Z"",""2024-01-27T22:18:14.941Z"",""2024-01-27T22:18:22.833Z"",""2024-01-27T22:18:54.095Z"",""2024-01-27T22:18:57.627Z"",""2024-01-27T22:19:03.114Z"",""2024-01-27T22:19:13.561Z"",""2024-01-27T22:19:19.521Z"",""2024-01-27T22:19:26.496Z"",""2024-01-27T22:20:22.183Z"",""2024-01-27T22:20:33.353Z"",""2024-01-27T22:20:52.710Z"",""2024-01-27T22:21:04.298Z"",""2024-01-27T22:21:13.889Z"",""2024-01-27T22:21:21.591Z"",""2024-01-27T22:21:33.675Z"",""2024-01-27T22:21:40.800Z"",""2024-01-27T22:21:50.290Z"",""2024-01-27T22:22:08.805Z"",""2024-01-27T22:22:21.337Z"",""2024-01-27T22:22:38.147Z"",""2024-01-27T22:22:59.545Z"",""2024-01-27T22:23:20.462Z"",""2024-01-27T22:23:28.088Z"",""2024-01-27T22:23:38.149Z"",""2024-01-27T22:23:51.258Z"",""2024-01-27T22:24:19.571Z"",""2024-01-27T22:25:37.159Z"",""2024-01-27T22:26:37.683Z"",""2024-01-27T22:26:47.032Z"",""2024-01-27T22:26:59.044Z"",""2024-01-27T22:27:08.828Z"",""2024-01-27T22:27:19.628Z"",""2024-01-27T22:27:37.390Z"",""2024-01-27T22:27:56.002Z"",""2024-01-27T22:28:07.649Z"",""2024-01-27T22:29:46.425Z"",""2024-01-27T22:30:06.149Z"",""2024-01-27T22:31:54.552Z"",""2024-01-27T22:32:15.296Z"",""2024-01-27T22:32:41.053Z""]",2024-01-27T22:32:41.115056874Z,72,2024-01-27T22:05:03.31527446Z,"{""managementToken"":""eyJ0eXAiOiJKV1QiLCJhbGciOiJIUzI1NiJ9.eyJpYXQiOjE3MDYzMzE4NDgsImV4cCI6MTcwNjQxODI0OCwianRpIjoiand0X25vbmNlIiwidHlwZSI6Im1hbmFnZW1lbnQiLCJ2ZXJzaW9uIjoyLCJuYmYiOjE3MDYzMzE4NDgsImFjY2Vzc19rZXkiOiI2NGMxYWJhYTkxYzAyM2I0ZTJkNzZlODQifQ.Woks_IUkqw99cNzsmD0eZ6dHkZoNt0yytqJTWYqr_tE"",""playerCount"":2,""templateId"":""659dec5a25eb923ccf71537f""}",2024-01-27T21:12:21.360163051Z,true,2024-01-27T22:05:02.287690532Z,false,2024-01-27T21:12:21.360163051Z,01HN6F94G8BM2RMJMYJ3F45J18,2024-01-27T22:32:50.585159247Z,01HN6F2JDYDW1YCD7G1X8KVRR3,2024-01-27T22:01:37.992948606Z,running,2024-01-27T22:05:09.353492106Z,01HN6C8B3KERS94TJ6F9VHYK4D,2024-01-27T21:12:21.374422629Z,xcl-fosw-hhv,2024-01-27T21:12:44.838933376Z,,
01HN6C8BGFFPXYNEXBJ7SXB5H1,01HN6C8BGANH07JEJFW88H0ZVR,2024-01-27T21:12:21.775972605Z,"[""2024-01-27T22:05:34.383Z"",""2024-01-27T22:06:06.727Z"",""2024-01-27T22:06:11.008Z"",""2024-01-27T22:06:25.569Z"",""2024-01-27T22:06:31.534Z"",""2024-01-27T22:06:47.256Z"",""2024-01-27T22:06:55.937Z"",""2024-01-27T22:06:59.898Z"",""2024-01-27T22:07:07.827Z"",""2024-01-27T22:07:10.786Z"",""2024-01-27T22:07:16.317Z"",""2024-01-27T22:07:19.364Z"",""2024-01-27T22:07:22.347Z"",""2024-01-27T22:07:24.927Z"",""2024-01-27T22:07:30.079Z"",""2024-01-27T22:07:32.866Z"",""2024-01-27T22:07:35.043Z"",""2024-01-27T22:07:36.874Z"",""2024-01-27T22:07:44.378Z"",""2024-01-27T22:07:47.188Z"",""2024-01-27T22:07:50.739Z"",""2024-01-27T22:07:53.103Z"",""2024-01-27T22:07:55.591Z"",""2024-01-27T22:07:57.597Z"",""2024-01-27T22:07:59.646Z"",""2024-01-27T22:08:02.302Z"",""2024-01-27T22:08:12.504Z"",""2024-01-27T22:08:18.070Z"",""2024-01-27T22:08:24.540Z"",""2024-01-27T22:08:34.629Z"",""2024-01-27T22:08:38.939Z"",""2024-01-27T22:08:45.170Z"",""2024-01-27T22:08:49.423Z"",""2024-01-27T22:08:54.297Z"",""2024-01-27T22:08:57.905Z"",""2024-01-27T22:09:03.415Z"",""2024-01-27T22:09:09.221Z"",""2024-01-27T22:09:13.286Z"",""2024-01-27T22:09:18.162Z"",""2024-01-27T22:09:24.019Z"",""2024-01-27T22:09:29.205Z"",""2024-01-27T22:09:33.043Z"",""2024-01-27T22:09:37.789Z"",""2024-01-27T22:09:42.773Z"",""2024-01-27T22:10:01.548Z"",""2024-01-27T22:10:06.628Z"",""2024-01-27T22:10:11.698Z"",""2024-01-27T22:10:16.519Z"",""2024-01-27T22:10:20.562Z"",""2024-01-27T22:10:25.985Z"",""2024-01-27T22:10:32.889Z"",""2024-01-27T22:11:18.531Z"",""2024-01-27T22:11:45.113Z"",""2024-01-27T22:11:59.608Z"",""2024-01-27T22:12:18.844Z"",""2024-01-27T22:12:25.446Z"",""2024-01-27T22:13:29.454Z"",""2024-01-27T22:13:46.300Z"",""2024-01-27T22:13:55.883Z"",""2024-01-27T22:14:11.472Z"",""2024-01-27T22:14:22.800Z"",""2024-01-27T22:14:34.747Z"",""2024-01-27T22:15:17.058Z"",""2024-01-27T22:15:26.552Z"",""2024-01-27T22:15:36.013Z"",""2024-01-27T22:15:44.785Z"",""2024-01-27T22:15:54.880Z"",""2024-01-27T22:16:03.999Z"",""2024-01-27T22:16:13.585Z"",""2024-01-27T22:16:22.300Z"",""2024-01-27T22:16:30.412Z"",""2024-01-27T22:16:44.663Z"",""2024-01-27T22:17:18.833Z""]",2024-01-27T22:17:18.985138646Z,72,2024-01-27T22:05:24.177097434Z,"{""managementToken"":""eyJ0eXAiOiJKV1QiLCJhbGciOiJIUzI1NiJ9.eyJpYXQiOjE3MDYzMzE4NDgsImV4cCI6MTcwNjQxODI0OCwianRpIjoiand0X25vbmNlIiwidHlwZSI6Im1hbmFnZW1lbnQiLCJ2ZXJzaW9uIjoyLCJuYmYiOjE3MDYzMzE4NDgsImFjY2Vzc19rZXkiOiI2NGMxYWJhYTkxYzAyM2I0ZTJkNzZlODQifQ.Woks_IUkqw99cNzsmD0eZ6dHkZoNt0yytqJTWYqr_tE"",""playerCount"":2,""templateId"":""659dec5a25eb923ccf71537f""}",2024-01-27T21:12:21.775972605Z,true,2024-01-27T22:05:22.691455136Z,true,2024-01-27T22:17:31.893113146Z,,2024-01-27T22:17:31.893113146Z,01HN6F96WA0DW16P5Y89CA2HQM,2024-01-27T22:05:15.566866571Z,ended,2024-01-27T22:17:32.14247512Z,01HN6C8BGNFH70K1SEJWR058S6,2024-01-27T21:12:21.792664951Z,gby-ybyn-dql,2024-01-27T21:12:43.405449268Z,end of game,2024-01-27T22:17:32.14247512Z
01HN6C8BVXBN026JSVP2C73R5K,01HN6C8BVQQ06BYATNZP9K7TV5,2024-01-27T21:12:22.141419094Z,"[""2024-01-27T22:06:46.951Z"",""2024-01-27T22:07:12.871Z"",""2024-01-27T22:07:23.839Z"",""2024-01-27T22:07:29.523Z"",""2024-01-27T22:07:36.155Z"",""2024-01-27T22:07:41.123Z"",""2024-01-27T22:07:49.121Z"",""2024-01-27T22:07:56.503Z"",""2024-01-27T22:08:02.791Z"",""2024-01-27T22:08:15.411Z"",""2024-01-27T22:08:24.018Z"",""2024-01-27T22:08:32.334Z"",""2024-01-27T22:08:43.267Z"",""2024-01-27T22:08:51.489Z"",""2024-01-27T22:09:00.280Z"",""2024-01-27T22:09:08.817Z"",""2024-01-27T22:09:15.287Z"",""2024-01-27T22:09:22.682Z"",""2024-01-27T22:09:30.557Z"",""2024-01-27T22:09:51.270Z"",""2024-01-27T22:10:16.492Z"",""2024-01-27T22:10:25.665Z"",""2024-01-27T22:10:34.330Z"",""2024-01-27T22:10:45.891Z"",""2024-01-27T22:10:54.174Z"",""2024-01-27T22:11:40.110Z"",""2024-01-27T22:12:42.751Z"",""2024-01-27T22:13:29.296Z"",""2024-01-27T22:13:36.728Z"",""2024-01-27T22:13:40.814Z"",""2024-01-27T22:13:46.205Z"",""2024-01-27T22:13:57.231Z"",""2024-01-27T22:14:03.082Z"",""2024-01-27T22:14:08.890Z"",""2024-01-27T22:14:21.644Z"",""2024-01-27T22:15:14.168Z"",""2024-01-27T22:15:24.369Z"",""2024-01-27T22:15:36.550Z"",""2024-01-27T22:15:52.196Z"",""2024-01-27T22:15:58.384Z"",""2024-01-27T22:16:11.404Z"",""2024-01-27T22:16:17.840Z"",""2024-01-27T22:16:30.941Z"",""2024-01-27T22:16:39.555Z"",""2024-01-27T22:16:47.355Z"",""2024-01-27T22:17:19.219Z"",""2024-01-27T22:17:44.607Z"",""2024-01-27T22:17:58.629Z"",""2024-01-27T22:18:14.538Z"",""2024-01-27T22:18:23.141Z"",""2024-01-27T22:18:32.041Z"",""2024-01-27T22:19:09.449Z"",""2024-01-27T22:20:20.091Z"",""2024-01-27T22:20:47.225Z"",""2024-01-27T22:21:08.954Z"",""2024-01-27T22:21:28.946Z"",""2024-01-27T22:21:51.932Z"",""2024-01-27T22:22:03.442Z"",""2024-01-27T22:22:18.881Z"",""2024-01-27T22:22:33.942Z"",""2024-01-27T22:22:45.235Z"",""2024-01-27T22:22:55.193Z"",""2024-01-27T22:23:08.237Z"",""2024-01-27T22:23:22.647Z"",""2024-01-27T22:23:33.730Z"",""2024-01-27T22:23:45.689Z"",""2024-01-27T22:23:59.965Z"",""2024-01-27T22:24:10.710Z"",""2024-01-27T22:24:24.188Z"",""2024-01-27T22:26:36.799Z"",""2024-01-27T22:26:51.891Z"",""2024-01-27T22:27:05.082Z"",""2024-01-27T22:27:15.949Z""]",2024-01-27T22:27:15.985642194Z,72,2024-01-27T22:06:33.805401737Z,"{""managementToken"":""eyJ0eXAiOiJKV1QiLCJhbGciOiJIUzI1NiJ9.eyJpYXQiOjE3MDYzMzE4NDgsImV4cCI6MTcwNjQxODI0OCwianRpIjoiand0X25vbmNlIiwidHlwZSI6Im1hbmFnZW1lbnQiLCJ2ZXJzaW9uIjoyLCJuYmYiOjE3MDYzMzE4NDgsImFjY2Vzc19rZXkiOiI2NGMxYWJhYTkxYzAyM2I0ZTJkNzZlODQifQ.Woks_IUkqw99cNzsmD0eZ6dHkZoNt0yytqJTWYqr_tE"",""playerCount"":2,""templateId"":""659dec5a25eb923ccf71537f""}",2024-01-27T21:12:22.141419094Z,true,2024-01-27T22:06:32.518188462Z,true,2024-01-27T22:27:31.836060185Z,,2024-01-27T22:27:31.836060185Z,01HN6FBGQS5P96NS5N4BB3K40M,2024-01-27T22:06:31.171243945Z,ended,2024-01-27T22:27:32.023310473Z,01HN6C8BW4XHP41SXJGV31CKR1,2024-01-27T21:12:22.153906726Z,nrr-qvux-dfb,2024-01-27T21:12:40.570731932Z,end of game,2024-01-27T22:27:32.023310473Z
01HN6C8E6H53D3JBHFEK6KPNQ3,01HN6C8E6AB7YP4587HB22QQFZ,2024-01-27T21:12:24.529435299Z,"[""2024-01-27T22:10:01.122Z"",""2024-01-27T22:10:22.720Z"",""2024-01-27T22:10:40.088Z"",""2024-01-27T22:10:50.580Z"",""2024-01-27T22:11:13.227Z"",""2024-01-27T22:11:25.344Z"",""2024-01-27T22:11:32.724Z"",""2024-01-27T22:11:49.154Z"",""2024-01-27T22:11:57.762Z"",""2024-01-27T22:12:09.435Z"",""2024-01-27T22:12:20.890Z"",""2024-01-27T22:12:40.602Z"",""2024-01-27T22:13:29.667Z"",""2024-01-27T22:13:40.832Z"",""2024-01-27T22:13:55.907Z"",""2024-01-27T22:14:07.236Z"",""2024-01-27T22:14:23.078Z"",""2024-01-27T22:14:28.702Z"",""2024-01-27T22:15:14.460Z"",""2024-01-27T22:15:27.301Z"",""2024-01-27T22:15:52.227Z"",""2024-01-27T22:16:02.073Z"",""2024-01-27T22:16:07.644Z"",""2024-01-27T22:16:21.328Z"",""2024-01-27T22:16:32.568Z"",""2024-01-27T22:16:43.950Z"",""2024-01-27T22:17:19.336Z"",""2024-01-27T22:17:36.280Z"",""2024-01-27T22:17:43.863Z"",""2024-01-27T22:17:49.538Z"",""2024-01-27T22:17:55.995Z"",""2024-01-27T22:18:02.200Z"",""2024-01-27T22:18:11.478Z"",""2024-01-27T22:18:17.161Z"",""2024-01-27T22:18:24.141Z"",""2024-01-27T22:18:32.729Z"",""2024-01-27T22:18:43.007Z"",""2024-01-27T22:18:53.935Z"",""2024-01-27T22:19:25.930Z"",""2024-01-27T22:20:17.473Z"",""2024-01-27T22:20:34.631Z"",""2024-01-27T22:20:45.500Z"",""2024-01-27T22:21:01.212Z"",""2024-01-27T22:21:14.045Z"",""2024-01-27T22:21:29.321Z"",""2024-01-27T22:21:37.684Z"",""2024-01-27T22:21:44.289Z"",""2024-01-27T22:21:59.400Z"",""2024-01-27T22:22:08.263Z"",""2024-01-27T22:22:15.639Z"",""2024-01-27T22:22:27.904Z"",""2024-01-27T22:23:02.160Z"",""2024-01-27T22:23:22.058Z"",""2024-01-27T22:23:37.670Z"",""2024-01-27T22:23:59.028Z"",""2024-01-27T22:24:24.736Z"",""2024-01-27T22:26:36.209Z"",""2024-01-27T22:26:56.095Z"",""2024-01-27T22:27:11.004Z"",""2024-01-27T22:27:23.202Z"",""2024-01-27T22:27:39.049Z"",""2024-01-27T22:27:48.427Z"",""2024-01-27T22:28:06.074Z"",""2024-01-27T22:28:23.899Z"",""2024-01-27T22:28:38.222Z"",""2024-01-27T22:28:52.283Z"",""2024-01-27T22:29:07.753Z"",""2024-01-27T22:29:38.295Z"",""2024-01-27T22:29:55.165Z"",""2024-01-27T22:30:08.390Z"",""2024-01-27T22:31:47.999Z"",""2024-01-27T22:32:02.761Z"",""2024-01-27T22:32:18.458Z""]",2024-01-27T22:32:18.46415254Z,72,2024-01-27T22:09:47.297970976Z,"{""managementToken"":""eyJ0eXAiOiJKV1QiLCJhbGciOiJIUzI1NiJ9.eyJpYXQiOjE3MDYzMzE4NDgsImV4cCI6MTcwNjQxODI0OCwianRpIjoiand0X25vbmNlIiwidHlwZSI6Im1hbmFnZW1lbnQiLCJ2ZXJzaW9uIjoyLCJuYmYiOjE3MDYzMzE4NDgsImFjY2Vzc19rZXkiOiI2NGMxYWJhYTkxYzAyM2I0ZTJkNzZlODQifQ.Woks_IUkqw99cNzsmD0eZ6dHkZoNt0yytqJTWYqr_tE"",""playerCount"":2,""templateId"":""659dec5a25eb923ccf71537f""}",2024-01-27T21:12:24.529435299Z,true,2024-01-27T22:09:45.562863706Z,true,2024-01-27T22:32:33.011169323Z,,2024-01-27T22:32:33.011169323Z,01HN6FDRWN5VY5V34YSR3MMMZS,2024-01-27T22:07:45.060236381Z,ended,2024-01-27T22:32:33.355936393Z,01HN6C8E6PKK0BPCHGNNDAZPMK,2024-01-27T21:12:24.543269238Z,ebj-tjog-faq,2024-01-27T21:12:39.156749332Z,end of game,2024-01-27T22:32:33.355936393Z
01HN6EG6N7F355E6Z2YHZKT6T0,01HN6EG6MAHZCQM53A08KXSS0Y,2024-01-27T21:51:36.103393526Z,"[""2024-01-27T22:13:18.455Z"",""2024-01-27T22:13:42.231Z"",""2024-01-27T22:13:49.880Z"",""2024-01-27T22:13:55.523Z"",""2024-01-27T22:14:00.118Z"",""2024-01-27T22:14:04.130Z"",""2024-01-27T22:14:05.491Z"",""2024-01-27T22:14:11.323Z"",""2024-01-27T22:14:16.420Z"",""2024-01-27T22:14:20.732Z"",""2024-01-27T22:14:25.240Z"",""2024-01-27T22:14:30.732Z"",""2024-01-27T22:14:34.349Z"",""2024-01-27T22:15:13.923Z"",""2024-01-27T22:15:19.977Z"",""2024-01-27T22:15:26.048Z"",""2024-01-27T22:15:30.294Z"",""2024-01-27T22:15:33.844Z"",""2024-01-27T22:15:39.354Z"",""2024-01-27T22:15:43.428Z"",""2024-01-27T22:15:50.489Z"",""2024-01-27T22:15:54.038Z"",""2024-01-27T22:15:57.343Z"",""2024-01-27T22:16:00.936Z"",""2024-01-27T22:16:04.385Z"",""2024-01-27T22:16:07.341Z"",""2024-01-27T22:16:16.948Z"",""2024-01-27T22:16:23.272Z"",""2024-01-27T22:16:28.755Z"",""2024-01-27T22:16:34.340Z"",""2024-01-27T22:16:38.840Z"",""2024-01-27T22:16:46.898Z"",""2024-01-27T22:17:19.155Z"",""2024-01-27T22:17:25.544Z"",""2024-01-27T22:17:31.194Z"",""2024-01-27T22:17:36.814Z"",""2024-01-27T22:17:43.238Z"",""2024-01-27T22:17:47.684Z"",""2024-01-27T22:17:51.666Z"",""2024-01-27T22:17:58.020Z"",""2024-01-27T22:18:04.890Z"",""2024-01-27T22:18:12.938Z"",""2024-01-27T22:18:19.110Z"",""2024-01-27T22:18:29.292Z"",""2024-01-27T22:18:35.181Z"",""2024-01-27T22:18:40.858Z"",""2024-01-27T22:18:46.491Z"",""2024-01-27T22:18:53.654Z"",""2024-01-27T22:19:00.693Z"",""2024-01-27T22:19:12.890Z"",""2024-01-27T22:19:17.845Z"",""2024-01-27T22:20:23.037Z"",""2024-01-27T22:20:49.608Z"",""2024-01-27T22:21:05.978Z"",""2024-01-27T22:21:11.447Z"",""2024-01-27T22:21:17.952Z""]",2024-01-27T22:21:17.95571954Z,72,2024-01-27T22:12:48.972984864Z,"{""managementToken"":""eyJ0eXAiOiJKV1QiLCJhbGciOiJIUzI1NiJ9.eyJpYXQiOjE3MDYzMzE4NDgsImV4cCI6MTcwNjQxODI0OCwianRpIjoiand0X25vbmNlIiwidHlwZSI6Im1hbmFnZW1lbnQiLCJ2ZXJzaW9uIjoyLCJuYmYiOjE3MDYzMzE4NDgsImFjY2Vzc19rZXkiOiI2NGMxYWJhYTkxYzAyM2I0ZTJkNzZlODQifQ.Woks_IUkqw99cNzsmD0eZ6dHkZoNt0yytqJTWYqr_tE"",""playerCount"":2,""templateId"":""659dec5a25eb923ccf71537f""}",2024-01-27T21:51:36.103393526Z,true,2024-01-27T22:12:46.425390173Z,false,2024-01-27T21:51:36.103393526Z,01HN6FQHQGG9VRAJ72TBS0FVAZ,2024-01-27T22:21:17.5825972Z,01HN6FJHCNC6V8BRZQHSAV7WWD,2024-01-27T22:10:21.222583978Z,running,2024-01-27T22:12:59.452712778Z,01HN6EG6NSCEM6HYFNY2TR5AJ0,2024-01-27T21:51:36.159928592Z,pnw-ivvb-gac,2024-01-27T21:51:43.280800811Z,,
01HN6EGMQQ6MCZ3CHS9NJJJYFK,01HN6EGMP9Y4KX068AP6S2RS4B,2024-01-27T21:51:50.519061076Z,"[""2024-01-27T22:15:08.927Z""]",2024-01-27T22:15:08.930867391Z,72,2024-01-27T22:14:37.779107224Z,"{""managementToken"":""eyJ0eXAiOiJKV1QiLCJhbGciOiJIUzI1NiJ9.eyJpYXQiOjE3MDYzMzE4NDgsImV4cCI6MTcwNjQxODI0OCwianRpIjoiand0X25vbmNlIiwidHlwZSI6Im1hbmFnZW1lbnQiLCJ2ZXJzaW9uIjoyLCJuYmYiOjE3MDYzMzE4NDgsImFjY2Vzc19rZXkiOiI2NGMxYWJhYTkxYzAyM2I0ZTJkNzZlODQifQ.Woks_IUkqw99cNzsmD0eZ6dHkZoNt0yytqJTWYqr_tE"",""playerCount"":2,""templateId"":""659dec5a25eb923ccf71537f""}",2024-01-27T21:51:50.519061076Z,true,2024-01-27T22:14:35.184678759Z,false,2024-01-27T21:51:50.519061076Z,01HN6FTJJ685QRF17KVAY82HJN,2024-01-27T22:14:47.704473675Z,01HN6FSHG0PZ3WEAA24HPSC8T4,2024-01-27T22:14:10.703030187Z,running,2024-01-27T22:14:47.640738219Z,01HN6EGMRE1ZR5182CWHEBBXCZ,2024-01-27T21:51:50.569970905Z,omb-shgg-you,2024-01-27T21:51:59.24043405Z,,
01HN6EGNVFWVPFSFTJBNH7WC72,01HN6EGNTS7PF6JHNSKJ2DK71J,2024-01-27T21:51:51.663319993Z,"[""2024-01-27T22:17:17.884Z"",""2024-01-27T22:17:37.877Z"",""2024-01-27T22:17:46.874Z"",""2024-01-27T22:17:54.969Z"",""2024-01-27T22:18:03.371Z"",""2024-01-27T22:18:11.786Z"",""2024-01-27T22:18:19.011Z"",""2024-01-27T22:18:25.878Z"",""2024-01-27T22:18:31.017Z"",""2024-01-27T22:18:35.517Z"",""2024-01-27T22:18:39.957Z"",""2024-01-27T22:18:45.002Z"",""2024-01-27T22:18:52.241Z"",""2024-01-27T22:18:58.282Z"",""2024-01-27T22:19:04.730Z"",""2024-01-27T22:19:08.524Z"",""2024-01-27T22:19:12.635Z"",""2024-01-27T22:19:19.145Z"",""2024-01-27T22:20:18.602Z"",""2024-01-27T22:20:29.468Z"",""2024-01-27T22:20:35.097Z"",""2024-01-27T22:20:41.944Z"",""2024-01-27T22:20:48.346Z"",""2024-01-27T22:20:52.298Z"",""2024-01-27T22:20:56.591Z"",""2024-01-27T22:21:04.885Z"",""2024-01-27T22:21:29.136Z"",""2024-01-27T22:21:53.220Z"",""2024-01-27T22:22:04.195Z"",""2024-01-27T22:22:13.122Z"",""2024-01-27T22:22:27.015Z"",""2024-01-27T22:22:40.740Z"",""2024-01-27T22:22:49.373Z"",""2024-01-27T22:23:04.073Z"",""2024-01-27T22:23:12.904Z"",""2024-01-27T22:23:28.350Z"",""2024-01-27T22:23:45.136Z"",""2024-01-27T22:26:36.247Z"",""2024-01-27T22:26:54.584Z"",""2024-01-27T22:27:21.495Z"",""2024-01-27T22:27:31.760Z"",""2024-01-27T22:27:41.736Z"",""2024-01-27T22:27:48.996Z"",""2024-01-27T22:28:03.104Z"",""2024-01-27T22:28:13.662Z"",""2024-01-27T22:28:39.310Z"",""2024-01-27T22:28:54.199Z"",""2024-01-27T22:29:01.604Z"",""2024-01-27T22:29:17.141Z"",""2024-01-27T22:29:28.938Z"",""2024-01-27T22:29:45.398Z"",""2024-01-27T22:31:42.156Z"",""2024-01-27T22:32:07.688Z"",""2024-01-27T22:32:29.889Z"",""2024-01-27T22:32:54.339Z""]",2024-01-27T22:32:54.345773498Z,72,2024-01-27T22:16:53.515492302Z,"{""managementToken"":""eyJ0eXAiOiJKV1QiLCJhbGciOiJIUzI1NiJ9.eyJpYXQiOjE3MDYzMzE4NDgsImV4cCI6MTcwNjQxODI0OCwianRpIjoiand0X25vbmNlIiwidHlwZSI6Im1hbmFnZW1lbnQiLCJ2ZXJzaW9uIjoyLCJuYmYiOjE3MDYzMzE4NDgsImFjY2Vzc19rZXkiOiI2NGMxYWJhYTkxYzAyM2I0ZTJkNzZlODQifQ.Woks_IUkqw99cNzsmD0eZ6dHkZoNt0yytqJTWYqr_tE"",""playerCount"":2,""templateId"":""659dec5a25eb923ccf71537f""}",2024-01-27T21:51:51.663319993Z,true,2024-01-27T22:16:51.252184773Z,false,2024-01-27T21:51:51.663319993Z,01HN6FYSKH935409BXR16ENQ7K,2024-01-27T22:32:53.421721749Z,01HN6FWSWF13X5JV14T14PXE1G,2024-01-27T22:15:57.618798821Z,running,2024-01-27T22:17:03.359277995Z,01HN6EGNW11Q42A8KSWMVWXMRW,2024-01-27T21:51:51.715093144Z,juz-cztm-cqv,2024-01-27T21:52:01.076552928Z,,
01HN6FPEV09MNK5D84QT3WJCAZ,01HN6FPES7361MBY9T9Z2G0TDX,2024-01-27T22:12:29.66491238Z,"[""2024-01-27T22:20:14.921Z"",""2024-01-27T22:20:34.010Z"",""2024-01-27T22:20:43.821Z"",""2024-01-27T22:20:51.878Z"",""2024-01-27T22:20:55.737Z"",""2024-01-27T22:20:59.870Z"",""2024-01-27T22:21:06.331Z"",""2024-01-27T22:21:10.689Z"",""2024-01-27T22:21:15.463Z"",""2024-01-27T22:21:19.859Z"",""2024-01-27T22:21:24.319Z"",""2024-01-27T22:21:30.599Z"",""2024-01-27T22:21:35.129Z"",""2024-01-27T22:21:38.649Z"",""2024-01-27T22:21:41.658Z"",""2024-01-27T22:21:44.456Z"",""2024-01-27T22:21:49.053Z"",""2024-01-27T22:21:53.815Z"",""2024-01-27T22:21:57.317Z"",""2024-01-27T22:22:03.844Z"",""2024-01-27T22:22:06.841Z"",""2024-01-27T22:22:10.303Z"",""2024-01-27T22:22:16.080Z"",""2024-01-27T22:22:20.936Z"",""2024-01-27T22:22:23.764Z"",""2024-01-27T22:22:28.926Z"",""2024-01-27T22:22:38.958Z"",""2024-01-27T22:22:45.423Z"",""2024-01-27T22:22:50.827Z"",""2024-01-27T22:22:56.712Z"",""2024-01-27T22:23:01.712Z"",""2024-01-27T22:23:07.027Z"",""2024-01-27T22:23:12.165Z"",""2024-01-27T22:23:20.056Z"",""2024-01-27T22:23:25.468Z"",""2024-01-27T22:23:29.769Z"",""2024-01-27T22:23:36.639Z"",""2024-01-27T22:23:41.283Z"",""2024-01-27T22:23:47.681Z"",""2024-01-27T22:23:53.457Z"",""2024-01-27T22:23:57.845Z"",""2024-01-27T22:24:02.477Z"",""2024-01-27T22:24:08.994Z"",""2024-01-27T22:24:13.231Z"",""2024-01-27T22:24:18.466Z"",""2024-01-27T22:25:38.277Z"",""2024-01-27T22:26:37.222Z"",""2024-01-27T22:26:52.124Z"",""2024-01-27T22:26:59.817Z"",""2024-01-27T22:27:07.427Z"",""2024-01-27T22:27:13.447Z"",""2024-01-27T22:27:53.636Z"",""2024-01-27T22:28:11.308Z"",""2024-01-27T22:28:24.443Z"",""2024-01-27T22:28:36.556Z"",""2024-01-27T22:29:09.876Z""]",2024-01-27T22:29:10.017625783Z,72,2024-01-27T22:19:36.55275316Z,"{""managementToken"":""eyJ0eXAiOiJKV1QiLCJhbGciOiJIUzI1NiJ9.eyJpYXQiOjE3MDYzMzE4NDgsImV4cCI6MTcwNjQxODI0OCwianRpIjoiand0X25vbmNlIiwidHlwZSI6Im1hbmFnZW1lbnQiLCJ2ZXJzaW9uIjoyLCJuYmYiOjE3MDYzMzE4NDgsImFjY2Vzc19rZXkiOiI2NGMxYWJhYTkxYzAyM2I0ZTJkNzZlODQifQ.Woks_IUkqw99cNzsmD0eZ6dHkZoNt0yytqJTWYqr_tE"",""playerCount"":2,""templateId"":""659dec5a25eb923ccf71537f""}",2024-01-27T22:12:29.66491238Z,true,2024-01-27T22:19:30.94259568Z,false,2024-01-27T22:12:29.66491238Z,01HN6G4AZ18SSPKM1X9MW73JPQ,2024-01-27T22:29:09.204440276Z,01HN6FZDNM3KT4ZQQMN3YH3D4A,2024-01-27T22:17:23.447890912Z,running,2024-01-27T22:19:51.936834204Z,01HN6FPEXBZVXEXJ0VA9W81G3S,2024-01-27T22:12:29.836771357Z,ypm-kyxz-ybl,2024-01-27T22:12:40.088181011Z,,
01HN6G0GBFG8177MBEPWNE6RBC,01HN6G0G7B2TZV6XK2HWEH4T98,2024-01-27T22:17:58.895963947Z,"[""2024-01-27T22:25:32.006Z"",""2024-01-27T22:27:15.219Z"",""2024-01-27T22:27:24.761Z"",""2024-01-27T22:27:35.714Z"",""2024-01-27T22:27:44.004Z"",""2024-01-27T22:27:52.603Z"",""2024-01-27T22:28:05.002Z"",""2024-01-27T22:28:18.870Z"",""2024-01-27T22:28:29.475Z"",""2024-01-27T22:28:36.459Z"",""2024-01-27T22:28:42.643Z"",""2024-01-27T22:28:52.884Z"",""2024-01-27T22:29:20.117Z"",""2024-01-27T22:29:30.194Z"",""2024-01-27T22:29:40.446Z"",""2024-01-27T22:29:48.031Z"",""2024-01-27T22:29:58.997Z"",""2024-01-27T22:31:40.068Z"",""2024-01-27T22:31:54.761Z"",""2024-01-27T22:32:11.707Z"",""2024-01-27T22:32:24.804Z"",""2024-01-27T22:32:35.103Z"",""2024-01-27T22:32:46.928Z"",""2024-01-27T22:32:56.755Z""]",2024-01-27T22:32:56.854580105Z,72,2024-01-27T22:24:31.072621148Z,"{""managementToken"":""eyJ0eXAiOiJKV1QiLCJhbGciOiJIUzI1NiJ9.eyJpYXQiOjE3MDYzMzE4NDgsImV4cCI6MTcwNjQxODI0OCwianRpIjoiand0X25vbmNlIiwidHlwZSI6Im1hbmFnZW1lbnQiLCJ2ZXJzaW9uIjoyLCJuYmYiOjE3MDYzMzE4NDgsImFjY2Vzc19rZXkiOiI2NGMxYWJhYTkxYzAyM2I0ZTJkNzZlODQifQ.Woks_IUkqw99cNzsmD0eZ6dHkZoNt0yytqJTWYqr_tE"",""playerCount"":2,""templateId"":""659dec5a25eb923ccf71537f""}",2024-01-27T22:17:58.895963947Z,true,2024-01-27T22:24:24.700640926Z,false,2024-01-27T22:17:58.895963947Z,01HN6GCYM19Y1Q825ZYGKT0VB4,2024-01-27T22:32:55.820504203Z,01HN6G4MGHFGS07V5034N5N932,2024-01-27T22:20:15.088415616Z,running,2024-01-27T22:24:52.495031396Z,01HN6G0GFV8Q4Y81CZV5RHK69F,2024-01-27T22:17:59.272601549Z,nso-dnet-ibu,2024-01-27T22:18:09.06536847Z,,
01HN6G0HMQ11BDEWH99HPB6WP2,01HN6G0HFQQ6ZG3M9P0458M7Q6,2024-01-27T22:18:00.215273467Z,"[""2024-01-27T22:26:35.419Z""]",2024-01-27T22:26:35.728218535Z,72,2024-01-27T22:25:43.107471548Z,"{""managementToken"":""eyJ0eXAiOiJKV1QiLCJhbGciOiJIUzI1NiJ9.eyJpYXQiOjE3MDYzMzE4NDgsImV4cCI6MTcwNjQxODI0OCwianRpIjoiand0X25vbmNlIiwidHlwZSI6Im1hbmFnZW1lbnQiLCJ2ZXJzaW9uIjoyLCJuYmYiOjE3MDYzMzE4NDgsImFjY2Vzc19rZXkiOiI2NGMxYWJhYTkxYzAyM2I0ZTJkNzZlODQifQ.Woks_IUkqw99cNzsmD0eZ6dHkZoNt0yytqJTWYqr_tE"",""playerCount"":2,""templateId"":""659dec5a25eb923ccf71537f""}",2024-01-27T22:18:00.215273467Z,true,2024-01-27T22:25:38.647824436Z,false,2024-01-27T22:18:00.215273467Z,01HN6GF2Z269Z5RX7YTWAJNK7V,2024-01-27T22:26:07.436277234Z,01HN6GE4BW50FKBKYH83MXTWFQ,2024-01-27T22:25:31.442049508Z,running,2024-01-27T22:26:05.68202582Z,01HN6G0HRDFCT4JY6GSWMJWHSG,2024-01-27T22:18:00.700173757Z,dvs-odsg-nea,2024-01-27T22:18:08.123832235Z,,
01HN6G0Q8K67WQFRHC9WZ5XZWC,01HN6G0Q3CREDFVAFSTMF11MXV,2024-01-27T22:18:05.971857429Z,"[""2024-01-27T22:31:39.775Z"",""2024-01-27T22:32:08.553Z"",""2024-01-27T22:32:24.337Z"",""2024-01-27T22:32:31.941Z"",""2024-01-27T22:32:41.988Z"",""2024-01-27T22:32:48.166Z"",""2024-01-27T22:32:58.432Z""]",2024-01-27T22:32:58.528880597Z,72,2024-01-27T22:30:16.379616395Z,"{""managementToken"":""eyJ0eXAiOiJKV1QiLCJhbGciOiJIUzI1NiJ9.eyJpYXQiOjE3MDYzMzE4NDgsImV4cCI6MTcwNjQxODI0OCwianRpIjoiand0X25vbmNlIiwidHlwZSI6Im1hbmFnZW1lbnQiLCJ2ZXJzaW9uIjoyLCJuYmYiOjE3MDYzMzE4NDgsImFjY2Vzc19rZXkiOiI2NGMxYWJhYTkxYzAyM2I0ZTJkNzZlODQifQ.Woks_IUkqw99cNzsmD0eZ6dHkZoNt0yytqJTWYqr_tE"",""playerCount"":2,""templateId"":""659dec5a25eb923ccf71537f""}",2024-01-27T22:18:05.971857429Z,true,2024-01-27T22:30:07.800915455Z,false,2024-01-27T22:18:05.971857429Z,01HN6GQQBZXDXGPHHDPBHXJBPH,2024-01-27T22:33:41.041990669Z,01HN6GG7HDBQQMN71RVK8VWNKT,2024-01-27T22:26:34.722454891Z,running,2024-01-27T22:30:52.086051014Z,01HN6G0QJ7M89BBXQR3MV90VKP,2024-01-27T22:18:06.61225788Z,urp-ijwf-met,2024-01-27T22:18:10.673103347Z,,
01HN6G0S9EA60PNAMJD196CF26,01HN6G0S6WR54GHNGHQX63W51J,2024-01-27T22:18:08.046700822Z,[],2024-01-27T22:33:03.017192168Z,72,2024-01-27T22:33:10.50124603Z,"{""managementToken"":""eyJ0eXAiOiJKV1QiLCJhbGciOiJIUzI1NiJ9.eyJpYXQiOjE3MDYzMzE4NDgsImV4cCI6MTcwNjQxODI0OCwianRpIjoiand0X25vbmNlIiwidHlwZSI6Im1hbmFnZW1lbnQiLCJ2ZXJzaW9uIjoyLCJuYmYiOjE3MDYzMzE4NDgsImFjY2Vzc19rZXkiOiI2NGMxYWJhYTkxYzAyM2I0ZTJkNzZlODQifQ.Woks_IUkqw99cNzsmD0eZ6dHkZoNt0yytqJTWYqr_tE"",""playerCount"":2,""templateId"":""659dec5a25eb923ccf71537f""}",2024-01-27T22:18:08.046700822Z,true,2024-01-27T22:33:01.510544451Z,false,2024-01-27T22:18:08.046700822Z,,,01HN6GRKV681P6F1STPZZANGGJ,2024-01-27T22:31:19.325377417Z,,,01HN6G0SE4P4ZTFCKSC00ZQPNB,2024-01-27T22:18:08.367327118Z,prp-ogxw-cze,2024-01-27T22:18:12.635928628Z,,
01HN6G4NPH9NXRNVR2063SDZ0D,01HN6G4NDHDPGE56A6YCV543KG,2024-01-27T22:20:15.441843821Z,,,,,"{""managementToken"":""eyJ0eXAiOiJKV1QiLCJhbGciOiJIUzI1NiJ9.eyJpYXQiOjE3MDYzMzE4NDgsImV4cCI6MTcwNjQxODI0OCwianRpIjoiand0X25vbmNlIiwidHlwZSI6Im1hbmFnZW1lbnQiLCJ2ZXJzaW9uIjoyLCJuYmYiOjE3MDYzMzE4NDgsImFjY2Vzc19rZXkiOiI2NGMxYWJhYTkxYzAyM2I0ZTJkNzZlODQifQ.Woks_IUkqw99cNzsmD0eZ6dHkZoNt0yytqJTWYqr_tE"",""playerCount"":2,""templateId"":""659dec5a25eb923ccf71537f""}",2024-01-27T22:20:15.441843821Z,false,2024-01-27T22:20:15.441843821Z,false,2024-01-27T22:20:15.441843821Z,,,,,,,01HN6G4P888PSGT87PTN5EZ5TD,2024-01-27T22:20:17.219281706Z,fmq-rdjn-mmn,2024-01-27T22:20:27.983093109Z,,
01HN6G4RTC1ZR5D95F6ZWFEATJ,01HN6G4QZH0SW22ZRTHHE4XE6R,2024-01-27T22:20:18.636695411Z,,,,,"{""managementToken"":""eyJ0eXAiOiJKV1QiLCJhbGciOiJIUzI1NiJ9.eyJpYXQiOjE3MDYzMzE4NDgsImV4cCI6MTcwNjQxODI0OCwianRpIjoiand0X25vbmNlIiwidHlwZSI6Im1hbmFnZW1lbnQiLCJ2ZXJzaW9uIjoyLCJuYmYiOjE3MDYzMzE4NDgsImFjY2Vzc19rZXkiOiI2NGMxYWJhYTkxYzAyM2I0ZTJkNzZlODQifQ.Woks_IUkqw99cNzsmD0eZ6dHkZoNt0yytqJTWYqr_tE"",""playerCount"":2,""templateId"":""659dec5a25eb923ccf71537f""}",2024-01-27T22:20:18.636695411Z,false,2024-01-27T22:20:18.636695411Z,false,2024-01-27T22:20:18.636695411Z,,,,,,,01HN6G4SQRAETTSEW47WP2WN6E,2024-01-27T22:20:20.869656999Z,bnp-nfmo-rzz,2024-01-27T22:20:26.933977491Z,,
01HN6G4SJH1BD3YK2FNGN2SZ89,01HN6G4RH2KEFD54XJTM92JE2B,2024-01-27T22:20:19.409661532Z,,,,,"{""managementToken"":""eyJ0eXAiOiJKV1QiLCJhbGciOiJIUzI1NiJ9.eyJpYXQiOjE3MDYzMzE4NDgsImV4cCI6MTcwNjQxODI0OCwianRpIjoiand0X25vbmNlIiwidHlwZSI6Im1hbmFnZW1lbnQiLCJ2ZXJzaW9uIjoyLCJuYmYiOjE3MDYzMzE4NDgsImFjY2Vzc19rZXkiOiI2NGMxYWJhYTkxYzAyM2I0ZTJkNzZlODQifQ.Woks_IUkqw99cNzsmD0eZ6dHkZoNt0yytqJTWYqr_tE"",""playerCount"":2,""templateId"":""659dec5a25eb923ccf71537f""}",2024-01-27T22:20:19.409661532Z,false,2024-01-27T22:20:19.409661532Z,false,2024-01-27T22:20:19.409661532Z,,,,,,,01HN6G4W2QM0A8F40GVCVXS0YW,2024-01-27T22:20:22.278053913Z,mve-ewyk-cyw,2024-01-27T22:20:24.85463822Z,,
