session_id,room_id,game_id
65b6d7d897d5832cdc69b1b6,65b6d05d517d71d91b1547bd,01HN91VR6EFD7KHX765FH0W54B
65b6d58c97d5832cdc69b197,65b6d056dc4b58e3133c87d0,01HN91VHM2PZ1BVF8MNSTXR2JR
65b6d34f97d5832cdc69b177,65b6d050dc4b58e3133c87cf,01HN91VB5BVR1ERB55KPEE9ZC0
65b6d33b97d5832cdc69b173,65b6cf10dc4b58e3133c87cc,01HN91HN9KFDV4FFAKFQC9JXEY
65b6d21a2807aeeaa7f49448,65b6cf13517d71d91b1547ba,01HN91HR1S1V69XPBRZTEGT9JA
65b6d18e2807aeeaa7f49443,65b6cf12dc4b58e3133c87cd,01HN91HPF7YZGAGDTNYMP93R3X
65b6d0f12807aeeaa7f4943b,65b6cf06dc4b58e3133c87c8,01HN91HBWDWZQTGM4CQBSBEKJW
65b6d0ea97d5832cdc69b14e,65b6cf0edc4b58e3133c87cb,01HN91HHVZ3CKVKPJ3T5KY7KZ5
65b6d0e52807aeeaa7f49438,65b6cf0cdc4b58e3133c87ca,01HN91HGGMPQAACGYGC4MM96Q2
65b6d0c92807aeeaa7f49434,65b6cf0adc4b58e3133c87c9,01HN91HEH8FED7DJX7696HTSH9
65b6d04197d5832cdc69b148,65b6cf07517d71d91b1547b8,01HN91HATX8ME94BJ9EE4SFJ5B
65b6ce4b2807aeeaa7f49401,65b6c9c8dc4b58e3133c87be,01HN908814HQJ00G2QB4FK602J
65b6cdcb97d5832cdc69b116,65b6ca84517d71d91b1547af,01HN90E49RCV0GKSHCKJJ6SMS0
65b6cdaa2807aeeaa7f493f5,65b6ca81517d71d91b1547ae,01HN90DZJ3XWJ7FWSXB1MBMYJG
65b6cd382807aeeaa7f493ed,65b6c9cc517d71d91b1547ad,01HN9085GWDBCPS51G8M4CJBYX
65b6cc5697d5832cdc69b0f8,65b6c9ca517d71d91b1547ac,01HN9086WNF52994Z9BABWK6EG
65b6cc542807aeeaa7f493e2,65b6c9cbdc4b58e3133c87bf,01HN90868NYZRNS7G1S1ZDP6KR
65b6cbe12807aeeaa7f493dd,65b6c9bc517d71d91b1547a6,01HN9081CTYEKFBPPTNS235HV2
65b6cb4c97d5832cdc69b0e9,65b6c9bf517d71d91b1547a8,01HN908023TPGC6MNFRW5V7B9P
65b6c72e2807aeeaa7f493a4,65b6c370dc4b58e3133c87af,01HN8YPFSX2SY94B1E212K0AZ8
65b6c5722807aeeaa7f49389,65b6c369dc4b58e3133c87ac,01HN8YPEFV865XZSWP5D0JA3HY
65b58aaf2807aeeaa7f4858e,65b58684517d71d91b1546ef,01HN6HAV6HAZVME5JMHKBF3ZEN
65b589e12807aeeaa7f48577,65b58681dc4b58e3133c8714,01HN6HARA7PSTWVSAXRN0V7Y20
65b588f22807aeeaa7f4856d,65b585dedc4b58e3133c8713,01HN6H5QK3ZWR40Y69SBWTVRF5
65b588ab2807aeeaa7f48566,65b5859adc4b58e3133c8711,01HN6H3QCQZ61YH3XV2MF52VGT
65b5881a2807aeeaa7f4855f,65b5859f517d71d91b1546eb,01HN6H3RTG33PS5KE0V5A3KPJF
65b5881997d5832cdc69a31a,65b585a7517d71d91b1546ed,01HN6H43PTR95KZEDX1VC9VGNM
65b587df2807aeeaa7f4855d,65b5859c517d71d91b1546e9,01HN6H3SFREDCR8CQGB1J3Z3Y1
65b587d597d5832cdc69a311,65b5859e517d71d91b1546ea,01HN6H3SA4W1KPPJTNY6PXFG1A
65b586eb97d5832cdc69a304,65b585a4dc4b58e3133c8712,01HN6H41E9KZW5VW75D8WCBYW8
65b5849f97d5832cdc69a2df,65b57afddc4b58e3133c8709,01HN6EGNVFWVPFSFTJBNH7WC72
65b5847697d5832cdc69a2db,65b571c8dc4b58e3133c8704,01HN6C8B3G2DM06JVA3B4NE9T9
65b5839997d5832cdc69a2d1,65b57fcfdc4b58e3133c870b,01HN6FPEV09MNK5D84QT3WJCAZ
65b5828597d5832cdc69a2ca,65b571c3dc4b58e3133c8702,01HN6C8E6H53D3JBHFEK6KPNQ3
65b581dd2807aeeaa7f4850d,65b57aeb517d71d91b1546dc,01HN6EG6N7F355E6Z2YHZKT6T0
65b581d92807aeeaa7f4850c,65b571c4dc4b58e3133c8703,01HN6C8BVXBN026JSVP2C73R5K
65b57fc82807aeeaa7f484f4,65b571c7517d71d91b1546d7,01HN6C8BGFFPXYNEXBJ7SXB5H1
65b57e2897d5832cdc69a28a,65b571c1dc4b58e3133c8701,01HN6C8A9KRAEBTQP8P9G9JWXP
65b57a652807aeeaa7f4849d,65b571cb517d71d91b1546d8,01HN6C89VCDS9DKQVZMBS35R77
65b579f997d5832cdc69a24e,65b571bf517d71d91b1546d6,01HN6C88Q370AA57RYFG23GYJZ
65b578eb2807aeeaa7f48489,65b571bc517d71d91b1546d5,01HN6C87KF59S14B1W3XFECQKP
65b492ee97d5832cdc6998fa,65b49291517d71d91b1545f0,01HN4NRV2KSFJ7ZDHQXY48QY11
65b490582807aeeaa7f47b89,65b48facdc4b58e3133c8614,01HN4N2ACZWGSH9VGCX6YM2Z5T
65b2dbb497d5832cdc6987c5,65b2d4a4517d71d91b154266,01HN18X629578S7GG6QBZWFHH3
65b2d70297d5832cdc698713,65b2d1f4dc4b58e3133c8241,01HN187YDF34FNAC271Z96WJRJ
65b2d6652807aeeaa7f468ea,65b2d40adc4b58e3133c8250,01HN18RG36Q7PGRC3258N7RBK0
65b291c897d5832cdc6983a6,65b2896adc4b58e3133c813b,01HN0PGTP329P8K6CFBTJ7D8AZ
65b1ed7f2807aeeaa7f46233,65b1ec04517d71d91b153ed6,01HMZG3T9RCNZM9F8WRKEQPDZQ
65af77ef2807aeeaa7f445f9,65af7787dc4b58e3133c782e,01HMTPNP018QDJDE0S4RW8HHVT
659b93b972ef7a9d8d557099,659b91d7517d71d91b14ffc0,01HKKV3AZ9Q1TNXXK69VERRFBH
659b90bd72ef7a9d8d557083,659b8e65517d71d91b14ffa4,01HKKT8CB8TADMB2DMYG0K722Y
6599fbd072ef7a9d8d555f57,6599fb5bdc4b58e3133c3e78,01HKGQVNHK633Y84PH7VZZZB52
65652454529bc4687a6c0716,656521f5afd3b2853348de51,01HG9GS69EJGC0DGJ6GPVQWASP
656000de529bc4687a6bdfcd,655ffc19ace8b508c183096f,01HFZF1A5AFSAQ02MXCWSCH566
655db165529bc4687a6bca81,655db157ace8b508c182fef8,01HFTZS91XG9PMXGVG176F0J9G
655daff5529bc4687a6bca7a,655dafe6ace8b508c182fef4,01HFTZDYVXJJBZTYGFPKS2Y4AA
655daf89529bc4687a6bca75,655daf74afd3b2853348ca96,01HFTZAJSWNKXEVS4Q8976F30V
655d900d529bc4687a6bc9c4,655d8fabace8b508c182fe4b,01HFTQJ5G7KT336S91RWTW8KK2
655d8ab9529bc4687a6bc9aa,655d8a7bafd3b2853348c9e7,01HFTP9NCHHPM1ZJKWHDVGTXPQ
655a8b36ee3ef1920c6307df,655a8abf5bc6512bf1a1f253,01HFMTVSMN5VASYP3NF14C0PMF
655a810dbe8c8a50bb1fc773,655a80cc5bc6512bf1a1f251,01HFMRE4BNC78XRJYP40JT130K
6524a80c3da47f3326ef31cf,6524a71448d4350f85ef380f,01HCBJS4D2W4P6BKVFWFC65P0F
650b598dde22d06a7979b87f,650b589148d4350f85eef4b4,01HAT53SNX6YKJY88V2APST8C0
650b3befde22d06a7979b816,650b39ad48d4350f85eef46e,01HASXJG05GGPC64YHMZ806YT9
650a5ecfc14e7df21bb86219,650a5e943c23a4d59d839e1a,01HAR82RTCXMK8Q3JWN7WEEYKH
650095e1017aa3123cdf7edb,650095bfd08087811dc0fbe4,01HA54HR2K7AMCYEJ5Q25KYP3R
64d5521d863384e7dc952471,64d55201b620ecc2333cca3c,01H7GMGJHNPSP2QSXMRXG5JNBT
64d51e1be65a21675e33cfd1,64d51df87fb895bed6f76c48,01H7G7SHRHD5W1QN0CV9HGFWEA
64cc55aac0fbb51ba7c6c942,64cc51c0b620ecc2333cb7db,01H6Z1YKHA5XCWMEPHJZGW0BDV
64cc4ec55165d71e3f83ace9,64cc4e6eb620ecc2333cb7d4,01H6Z14NJ0CJAR4W4PCC6DDA7D
64cc4eb65165d71e3f83ace7,64cc4e6eb620ecc2333cb7d4,01H6Z14NJ0CJAR4W4PCC6DDA7D
64ca8fadc0fbb51ba7c6c60b,64ca8f30b620ecc2333cb538,01H6VKY3F4RH9CCQD5FS0650H3
64ca8f5dc0fbb51ba7c6c60a,64ca8f30b620ecc2333cb538,01H6VKY3F4RH9CCQD5FS0650H3
64c9b7115165d71e3f83a7f6,64c9b6e17fb895bed6f75578,01H6SZ49ZWMW052ZRDXYE4QT71
64c9b704c0fbb51ba7c6c487,64c9b6e17fb895bed6f75578,01H6SZ49ZWMW052ZRDXYE4QT71
64c9b5935165d71e3f83a7f2,64c9b5707fb895bed6f75576,01H6SYS0JVAFNTNJGJMWSHCHPG
64c8a5d750fb41ea83d3fb7a,64c8a5b87fb895bed6f7530b,01H6QWDRHRA16YKHJH3ZFJNTS9
64c8a0ec50fb41ea83d3fb79,64c8a0997fb895bed6f752f1,01H6QV657Z5ZYHK04BJQW2JK0A
64c89ff590ad096374ce32d1,64c89fd77fb895bed6f752ef,01H6QV0K361AXM3KNJNQR4WJED
64c89f5550fb41ea83d3fb77,64c89f2d7fb895bed6f752ed,01H6QTV9MY5M21R0ZB4V9WEEMZ
64c89c0a90ad096374ce32c7,64c89bc57fb895bed6f752df,01H6QT0G94AACZ1B1QGCVRG9G6
64c89af650fb41ea83d3fb66,64c89ad1b620ecc2333cb060,01H6QSS5SV6ZSY07SF5PD4RRP8
64c82a1150fb41ea83d3fad3,64c2c85198586b7b14d1ad48,7ae34b83-5dac-4fa1-812f-3c74b69f65d8
64c8063190ad096374ce31f0,64c2c85198586b7b14d1ad48,7ae34b83-5dac-4fa1-812f-3c74b69f65d8
64c70d8fd7fc9e24d8be742f,64c2c85198586b7b14d1ad48,7ae34b83-5dac-4fa1-812f-3c74b69f65d8
64c375a9d7fc9e24d8be7167,64c2c85198586b7b14d1ad48,7ae34b83-5dac-4fa1-812f-3c74b69f65d8
64c2d839d7fc9e24d8be705f,64c2c85198586b7b14d1ad48,7ae34b83-5dac-4fa1-812f-3c74b69f65d8
64c2d822d7fc9e24d8be705e,64c2c85198586b7b14d1ad48,7ae34b83-5dac-4fa1-812f-3c74b69f65d8
64c2c872d7fc9e24d8be7041,64c2c85198586b7b14d1ad48,7ae34b83-5dac-4fa1-812f-3c74b69f65d8
